Label,# Samples,Average,Median,90% Line,95% Line,99% Line,Min,Max,Error %,Throughput,Received KB/sec,Sent KB/sec
HTTP Request,2000,2378,2392,3886,4357,5525,38,8787,0.000%,97.70873,18.99,24.90
TOTAL,2000,2378,2392,3886,4357,5525,38,8787,0.000%,97.70873,18.99,24.90
