Label,# Samples,Average,Median,90% Line,95% Line,99% Line,Min,Max,Error %,Throughput,Received KB/sec,Sent KB/sec
HTTP Request,6000,5693,5075,10053,10626,11339,9,12750,50.000%,167.05647,39.64,37.20
TOTAL,6000,5693,5075,10053,10626,11339,9,12750,50.000%,167.05647,39.64,37.20
